Name,Salary,Position,Age,Block,Steal,Assist,Two Points,Three Points
A.J. Hammons,1312611,C,24,0.5909090909090909,0.045454545454545456,0.18181818181818182,0.5454545454545454,0.22727272727272727
Aaron Brooks,2116955,PG,32,0.13846153846153847,0.38461538461538464,1.9230769230769231,1.123076923076923,0.7384615384615385
Aaron Gordon,5504420,SF,21,0.5,0.8,1.875,3.95,0.9625
Al Horford,27734405,C,30,1.2794117647058822,0.7647058823529411,4.955882352941177,4.3088235294117645,1.2647058823529411
Al Jefferson,9769821,C,32,0.24242424242424243,0.2878787878787879,0.8636363636363636,3.5606060606060606,0.0
Alan Williams,6000000,C,24,0.6808510638297872,0.574468085106383,0.48936170212765956,2.9361702127659575,0.0
Alec Burks,10845506,SG,25,0.11904761904761904,0.42857142857142855,0.7142857142857143,1.7619047619047619,0.5952380952380952
Alex Abrines,5725000,SG,23,0.11764705882352941,0.5441176470588235,0.5882352941176471,0.5882352941176471,1.3823529411764706
Alex Len,4187599,C,23,1.2727272727272727,0.4805194805194805,0.5714285714285714,2.948051948051948,0.03896103896103896
Alexis Ajinca,4961798,C,28,0.5641025641025641,0.5128205128205128,0.3076923076923077,2.282051282051282,0.0
Al-Farouq Aminu,7319035,SF,26,0.7213114754098361,0.9836065573770492,1.6229508196721312,1.8524590163934427,1.1475409836065573
Allen Crabbe,19332500,SG,24,0.25316455696202533,0.6835443037974683,1.1772151898734178,2.1392405063291138,1.6962025316455696
Amir Johnson,11000000,PF,29,0.775,0.65,1.75,2.325,0.3375
Anderson Varejao,1913345,C,34,0.21428571428571427,0.21428571428571427,0.7142857142857143,0.35714285714285715,0.0
Andre Drummond,23775506,C,23,1.0987654320987654,1.5308641975308641,1.0987654320987654,5.938271604938271,0.024691358024691357
Andre Iguodala,14814815,SF,33,0.5131578947368421,1.0,3.4473684210526314,2.039473684210526,0.8421052631578947
Andre Roberson,9259259,SF,25,1.0,1.1898734177215189,1.0,2.151898734177215,0.569620253164557
Andrew Bogut,2328652,C,32,0.9259259259259259,0.48148148148148145,1.8148148148148149,1.4074074074074074,0.0
Andrew Harrison,1312611,PG,22,0.2777777777777778,0.75,2.75,1.0277777777777777,0.5972222222222222
Andrew Nicholson,2844429,PF,27,0.15789473684210525,0.42105263157894735,0.2631578947368421,1.0,0.13157894736842105
Andrew Wiggins,7574322,SF,21,0.36585365853658536,1.0,2.3048780487804876,7.390243902439025,1.2560975609756098
Anthony Davis,23775506,C,23,2.2266666666666666,1.2533333333333334,2.0933333333333333,9.733333333333333,0.5333333333333333
Anthony Tolliver,3290000,PF,31,0.3076923076923077,0.5076923076923077,1.1846153846153846,1.0,1.3846153846153846
Aron Baynes,4328000,C,30,0.52,0.22666666666666666,0.4266666666666667,1.9066666666666667,0.0
Arron Afflalo,2328652,SG,31,0.11475409836065574,0.3442622950819672,1.278688524590164,2.0163934426229506,1.0163934426229508
Austin Rivers,11825000,SG,24,0.13513513513513514,0.6486486486486487,2.7567567567567566,2.864864864864865,1.5
Avery Bradley,8808989,SG,26,0.2,1.2363636363636363,2.2,4.5636363636363635,1.9636363636363636
Axel Toupane,25000,SF,24,0.25,0.25,0.0,1.0,0.25
Ben McLemore,5200000,SG,23,0.09836065573770492,0.47540983606557374,0.8360655737704918,1.8852459016393444,1.0655737704918034
Beno Udrih,25000,PG,34,0.0,0.3333333333333333,3.358974358974359,2.076923076923077,0.28205128205128205
Bismack Biyombo,17000000,C,24,1.123456790123457,0.30864197530864196,0.9135802469135802,2.2098765432098766,0.0
Blake Griffin,29512900,PF,27,0.3770491803278688,0.9508196721311475,4.918032786885246,7.229508196721311,0.6229508196721312
Boban Marjanovic,7000000,C,28,0.34285714285714286,0.17142857142857143,0.2571428571428571,2.057142857142857,0.0
Bobby Brown,1524305,PG,32,0.0,0.04,0.56,0.36,0.56
Bobby Portis,1516320,PF,21,0.171875,0.25,0.546875,2.359375,0.5
Bojan Bogdanovic,10500000,SF,27,0.08641975308641975,0.41975308641975306,1.3703703703703705,2.8641975308641974,1.7777777777777777
Bradley Beal,23775506,SG,23,0.2727272727272727,1.077922077922078,3.4675324675324677,5.376623376623376,2.896103896103896
Brandan Wright,5955760,PF,29,0.7142857142857143,0.39285714285714285,0.5357142857142857,2.9642857142857144,0.0
Brandon Ingram,5519400,SF,19,0.45569620253164556,0.6329113924050633,2.1012658227848102,2.7974683544303796,0.6962025316455697
Brandon Knight,13618750,SG,25,0.09259259259259259,0.5,2.4074074074074074,3.037037037037037,0.8333333333333334
Briante Weber,50000,PG,24,0.05,0.6,1.05,1.2,0.05
Brice Johnson,1331160,PF,22,0.3333333333333333,0.6666666666666666,0.3333333333333333,0.6666666666666666,0.0
Brook Lopez,22642350,C,28,1.6533333333333333,0.5066666666666667,2.3466666666666667,5.613333333333333,1.7866666666666666
Bruno Caboclo,2451225,SF,21,0.1111111111111111,0.2222222222222222,0.4444444444444444,0.4444444444444444,0.2222222222222222
Bryn Forbes,1312611,SG,23,0.0,0.027777777777777776,0.6388888888888888,0.5277777777777778,0.4722222222222222
Buddy Hield,3675480,SG,23,0.10975609756097561,0.4634146341463415,1.475609756097561,2.182926829268293,1.8048780487804879
C.J. McCollum,23962573,SG,25,0.525,0.9,3.5625,6.3375,2.3125
C.J. Miles,7936509,SF,29,0.32894736842105265,0.6052631578947368,0.631578947368421,1.4736842105263157,2.223684210526316
C.J. Watson,333334,PG,32,0.03225806451612903,0.6935483870967742,1.8387096774193548,1.032258064516129,0.5161290322580645
Cameron Payne,2203440,PG,22,0.16129032258064516,0.45161290322580644,1.7741935483870968,1.1935483870967742,0.8709677419354839
Caris LeVert,1632480,SF,22,0.14035087719298245,0.8596491228070176,1.9298245614035088,1.9649122807017543,1.0350877192982457
Carmelo Anthony,26243760,SF,32,0.4594594594594595,0.8108108108108109,2.8783783783783785,6.094594594594595,2.0405405405405403
Chandler Parsons,23112004,SF,28,0.14705882352941177,0.5882352941176471,1.6176470588235294,1.4705882352941178,0.7352941176470589
Channing Frye,7420912,C,33,0.5,0.44594594594594594,0.6081081081081081,1.364864864864865,1.8513513513513513
Chasson Randle,1312611,PG,23,0.07692307692307693,0.34615384615384615,1.3076923076923077,0.9230769230769231,0.6153846153846154
Cheick Diallo,1312611,PF,20,0.4117647058823529,0.23529411764705882,0.23529411764705882,2.1176470588235294,0.0
Chinanu Onuaku,1312611,C,20,0.2,0.6,0.6,1.0,0.0
Chris McCullough,1471382,PF,21,0.125,0.125,0.125,0.9375,0.0625
Chris Paul,24599495,PG,31,0.13114754098360656,1.9344262295081966,9.229508196721312,4.098360655737705,2.0327868852459017
Clint Capela,2334520,C,22,1.2307692307692308,0.5230769230769231,0.9846153846153847,5.569230769230769,0.0
Cody Zeller,12584270,PF,24,0.9354838709677419,1.0,1.596774193548387,4.080645161290323,0.0
Cole Aldrich,7300000,C,28,0.3709677419354839,0.4032258064516129,0.4032258064516129,0.7258064516129032,0.0
Corey Brewer,7579366,SF,30,0.23170731707317074,0.7439024390243902,1.1829268292682926,1.4634146341463414,0.32926829268292684
Cory Joseph,7630000,SG,25,0.1625,0.825,3.3125,3.1375,0.6
Courtney Lee,11747890,SG,31,0.2987012987012987,1.051948051948052,2.324675324675325,2.7662337662337664,1.4025974025974026
Cristiano Felicio,7843500,C,24,0.24242424242424243,0.3787878787878788,0.6060606060606061,1.9393939393939394,0.0
D.J. Augustin,7250000,PG,29,0.01282051282051282,0.3974358974358974,2.6794871794871793,1.2820512820512822,1.2179487179487178
Damian Jones,1312611,C,21,0.4,0.1,0.0,0.8,0.0
Damian Lillard,26153057,PG,26,0.26666666666666666,0.9066666666666666,5.8533333333333335,5.96,2.8533333333333335
Daniel Ochefu,50000,C,23,0.0,0.10526315789473684,0.15789473684210525,0.631578947368421,0.0
Danilo Gallinari,20559599,SF,28,0.23809523809523808,0.6349206349206349,2.142857142857143,3.3174603174603177,2.0
Danny Green,10000000,SG,29,0.8529411764705882,1.0441176470588236,1.8235294117647058,0.8529411764705882,1.7352941176470589
Dante Cunningham,2300000,SF,29,0.42424242424242425,0.5909090909090909,0.5454545454545454,1.5606060606060606,1.0757575757575757
Dante Exum,4992385,PG,21,0.18181818181818182,0.3181818181818182,1.696969696969697,1.6818181818181819,0.6666666666666666
Dario Saric,2422560,PF,22,0.37037037037037035,0.7037037037037037,2.246913580246914,3.3950617283950617,1.308641975308642
Darrell Arthur,7464912,PF,28,0.5121951219512195,0.4634146341463415,1.024390243902439,1.024390243902439,1.2926829268292683
Darren Collison,10000000,PG,29,0.1323529411764706,0.9852941176470589,4.588235294117647,3.926470588235294,1.0735294117647058
David Nwaba,1312611,SG,24,0.35,0.65,0.7,2.3,0.05
David West,2328652,C,36,0.7058823529411765,0.6176470588235294,2.2205882352941178,1.9411764705882353,0.04411764705882353
Davis Bertans,1312611,PF,24,0.417910447761194,0.29850746268656714,0.6865671641791045,0.5074626865671642,1.0298507462686568
DeAndre Jordan,22642350,C,28,1.6666666666666667,0.6419753086419753,1.1851851851851851,5.08641975308642,0.0
DeAndre Liggins,1577230,SG,28,0.22580645161290322,0.7580645161290323,0.8709677419354839,0.6129032258064516,0.27419354838709675
Dejounte Murray,1312611,PG,20,0.15789473684210525,0.21052631578947367,1.263157894736842,1.0789473684210527,0.23684210526315788
Delon Wright,1645200,PG,24,0.4074074074074074,1.0,2.111111111111111,1.4444444444444444,0.37037037037037035
DeMar DeRozan,27739975,SG,27,0.17567567567567569,1.054054054054054,3.918918918918919,9.297297297297296,0.44594594594594594
DeMarcus Cousins,18063850,C,26,1.2777777777777777,1.3888888888888888,4.611111111111111,7.166666666666667,1.8194444444444444
DeMarre Carroll,14800000,SF,30,0.375,1.125,1.0277777777777777,1.5416666666666667,1.5138888888888888
Demetrius Jackson,92858,PG,22,0.0,0.0,0.6,0.4,0.2
Dennis Schroder,15500000,PG,23,0.20253164556962025,0.9367088607594937,6.3164556962025316,5.670886075949367,1.2658227848101267
Denzel Valentine,2186400,SG,23,0.12280701754385964,0.5263157894736842,1.105263157894737,0.5087719298245614,1.280701754385965
Deron Williams,5500000,PG,32,0.125,0.484375,5.625,2.78125,1.328125
Derrick Favors,12000000,PF,25,0.8,0.9,1.12,4.0,0.06
Derrick Jones,1312611,SF,19,0.40625,0.4375,0.375,2.03125,0.09375
Derrick Rose,2116955,PG,28,0.265625,0.6875,4.421875,6.984375,0.203125
Devin Booker,2319360,SG,20,0.2692307692307692,0.9230769230769231,3.4358974358974357,5.884615384615385,1.8846153846153846
Devin Harris,4402546,PG,33,0.1076923076923077,0.6615384615384615,2.0923076923076924,1.2,0.8923076923076924
Dewayne Dedmon,6000000,C,27,0.8026315789473685,0.4868421052631579,0.5789473684210527,2.1184210526315788,0.0
Deyonta Davis,1312611,C,20,0.4722222222222222,0.08333333333333333,0.05555555555555555,0.6666666666666666,0.0
Diamond Stone,1312611,C,19,0.14285714285714285,0.0,0.0,0.42857142857142855,0.0
Dion Waiters,11000000,SG,25,0.43478260869565216,0.8913043478260869,4.3478260869565215,4.260869565217392,1.8478260869565217
Dirk Nowitzki,5000000,PF,38,0.7037037037037037,0.5555555555555556,1.5185185185185186,4.018518518518518,1.462962962962963
Domantas Sabonis,2550000,PF,20,0.3950617283950617,0.48148148148148145,1.0123456790123457,1.7407407407407407,0.6296296296296297
Dorian Finney-Smith,1312611,PF,23,0.30864197530864196,0.6419753086419753,0.8271604938271605,0.8395061728395061,0.691358024691358
Doug McDermott,3294994,SF,25,0.07575757575757576,0.19696969696969696,0.8787878787878788,2.196969696969697,1.1666666666666667
Dragan Bender,4468800,PF,19,0.5116279069767442,0.23255813953488372,0.5348837209302325,0.6744186046511628,0.6511627906976745
Draymond Green,16400000,PF,26,1.394736842105263,2.026315789473684,7.0131578947368425,2.513157894736842,1.0657894736842106
Dwight Howard,23500000,C,31,1.2432432432432432,0.8648648648648649,1.4054054054054055,5.243243243243243,0.0
Dwight Powell,9003125,C,25,0.5064935064935064,0.7922077922077922,0.6363636363636364,2.2467532467532467,0.2727272727272727
Dwyane Wade,15550000,SG,35,0.6833333333333333,1.4333333333333333,3.816666666666667,6.15,0.75
Ed Davis,6352531,PF,27,0.4782608695652174,0.32608695652173914,0.5869565217391305,1.6304347826086956,0.0
Elfrid Payton,3332340,PG,22,0.4878048780487805,1.0731707317073171,6.451219512195122,4.7560975609756095,0.4878048780487805
Emmanuel Mudiay,3381480,PG,20,0.23636363636363636,0.7454545454545455,3.9454545454545453,2.7636363636363637,1.018181818181818
Enes Kanter,20566802,C,24,0.5277777777777778,0.4444444444444444,0.9305555555555556,5.513888888888889,0.06944444444444445
Eric Bledsoe,14500000,PG,27,0.4696969696969697,1.393939393939394,6.333333333333333,5.2272727272727275,1.5757575757575757
Eric Gordon,12943020,SG,28,0.5333333333333333,0.64,2.506666666666667,2.2133333333333334,3.28
Ersan Ilyasova,6000000,PF,29,0.2804878048780488,0.7073170731707317,1.7195121951219512,2.951219512195122,1.7317073170731707
Evan Fournier,17000000,SG,24,0.058823529411764705,0.9705882352941176,2.9705882352941178,4.117647058823529,1.8823529411764706
Evan Turner,17131148,SF,28,0.36923076923076925,0.8153846153846154,3.1538461538461537,3.1384615384615384,0.47692307692307695
Frank Kaminsky,2847600,C,23,0.4533333333333333,0.6266666666666667,2.16,2.72,1.5466666666666666
Fred VanVleet,1312611,PG,22,0.05405405405405406,0.4594594594594595,0.9459459459459459,0.7567567567567568,0.2972972972972973
Garrett Temple,8000000,SG,30,0.4307692307692308,1.2923076923076924,2.6,1.5538461538461539,1.2615384615384615
Gary Harris,2550055,SG,22,0.14035087719298245,1.2456140350877194,2.8771929824561404,3.736842105263158,1.8771929824561404
George Hill,20000000,PG,30,0.22448979591836735,1.0204081632653061,4.142857142857143,3.979591836734694,1.9183673469387754
Georges Niang,100000,PF,23,0.0,0.13043478260869565,0.21739130434782608,0.34782608695652173,0.043478260869565216
Georgios Papagiannis,2301360,C,19,0.7727272727272727,0.13636363636363635,0.9090909090909091,2.5454545454545454,0.0
Gerald Henderson,1000000,SG,29,0.20833333333333334,0.5694444444444444,1.5555555555555556,2.4027777777777777,0.8472222222222222
Giannis Antetokounmpo,22471910,SF,22,1.8875,1.6375,5.425,7.5875,0.6125
Glenn Robinson,1524305,SF,23,0.2898550724637681,0.5942028985507246,0.6811594202898551,1.5797101449275361,0.7101449275362319
Goran Dragic,17000450,PG,30,0.1780821917808219,1.2191780821917808,5.794520547945205,5.712328767123288,1.6027397260273972
Gordon Hayward,29727900,SF,26,0.273972602739726,1.0,3.452054794520548,5.424657534246576,2.041095890410959
Gorgui Dieng,14112360,PF,27,1.1585365853658536,1.0731707317073171,1.9268292682926829,3.8536585365853657,0.1951219512195122
Greg Monroe,17884176,C,26,0.4691358024691358,1.1358024691358024,2.308641975308642,4.777777777777778,0.0
Harrison Barnes,23112004,PF,24,0.189873417721519,0.8354430379746836,1.481012658227848,6.594936708860759,0.9873417721518988
Hassan Whiteside,23775506,C,27,2.090909090909091,0.7272727272727273,0.7402597402597403,7.038961038961039,0.0
Henry Ellenson,1780800,PF,20,0.05263157894736842,0.05263157894736842,0.3684210526315789,0.6842105263157895,0.5263157894736842
Ian Clark,1577230,SG,25,0.1038961038961039,0.5064935064935064,1.1688311688311688,1.948051948051948,0.7922077922077922
Ian Mahinmi,16661641,C,30,0.7741935483870968,1.064516129032258,0.6129032258064516,2.096774193548387,0.0
Iman Shumpert,10337079,SG,26,0.35526315789473684,0.8157894736842105,1.4342105263157894,1.4078947368421053,1.236842105263158
Isaiah Canaan,200000,SG,25,0.02564102564102564,0.5641025641025641,0.9487179487179487,0.9743589743589743,0.6410256410256411
Isaiah Taylor,1312611,PG,22,0.25,0.25,0.75,0.25,0.0
Isaiah Thomas,6261395,PG,27,0.17105263157894737,0.9210526315789473,5.907894736842105,5.75,3.223684210526316
Isaiah Whitehead,1312611,PG,21,0.4931506849315068,0.5753424657534246,2.6301369863013697,2.191780821917808,0.6027397260273972
Ish Smith,6000000,PG,28,0.4074074074074074,0.7530864197530864,5.160493827160494,3.7160493827160495,0.345679012345679
Ivica Zubac,1312611,C,19,0.868421052631579,0.3684210526315789,0.7894736842105263,3.3157894736842106,0.0
J.J. Barea,3903900,PG,32,0.02857142857142857,0.4,5.514285714285714,2.5428571428571427,1.5142857142857142
J.J. Redick,23000000,SG,32,0.16666666666666666,0.7051282051282052,1.4102564102564104,2.5,2.576923076923077
J.R. Smith,13760000,SG,31,0.2682926829268293,0.975609756097561,1.5121951219512195,0.6829268292682927,2.317073170731707
Jabari Parker,6782392,PF,21,0.43137254901960786,1.0,2.784313725490196,6.549019607843137,1.2745098039215685
Jae Crowder,6796117,SF,26,0.3194444444444444,1.0,2.1527777777777777,2.4444444444444446,2.1805555555555554
Jahlil Okafor,4995120,C,21,0.98,0.4,1.16,4.84,0.0
Jake Layman,1312611,SF,22,0.08571428571428572,0.2571428571428571,0.3142857142857143,0.37142857142857144,0.37142857142857144
Jakob Poeltl,2825640,C,21,0.37037037037037035,0.3148148148148148,0.2222222222222222,1.2407407407407407,0.0
Jamal Crawford,10942762,SG,36,0.17073170731707318,0.7195121951219512,2.597560975609756,2.9634146341463414,1.4146341463414633
Jamal Murray,3355320,SG,19,0.2926829268292683,0.6341463414634146,2.073170731707317,2.1951219512195124,1.4024390243902438
Jameer Nelson,4736050,PG,34,0.10666666666666667,0.7066666666666667,5.133333333333334,2.16,1.4133333333333333
James Ennis,3028410,SF,26,0.296875,0.71875,1.0,1.484375,0.796875
James Harden,28299399,PG,27,0.4567901234567901,1.4814814814814814,11.185185185185185,5.08641975308642,3.234567901234568
James Johnson,13954000,PF,29,1.131578947368421,1.0,3.6315789473684212,3.6973684210526314,1.144736842105263
JaMychal Green,8533333,PF,26,0.44155844155844154,0.5974025974025974,1.0909090909090908,2.5324675324675323,0.7142857142857143
Jared Dudley,10000000,PF,31,0.25,0.65625,1.890625,1.25,1.203125
Jarell Eddie,17224,SF,25,0.0,0.2,0.0,0.4,0.8
Jarell Martin,1471382,PF,22,0.21428571428571427,0.40476190476190477,0.19047619047619047,1.1666666666666667,0.21428571428571427
Jarrett Jack,2328652,PG,33,0.0,1.0,2.5,1.0,0.0
Jason Smith,5225000,C,30,0.7432432432432432,0.28378378378378377,0.5,1.8513513513513513,0.5
Jason Terry,2328652,SG,39,0.2702702702702703,0.6081081081081081,1.3243243243243243,0.43243243243243246,0.9864864864864865
JaVale McGee,2116955,C,29,0.8701298701298701,0.24675324675324675,0.22077922077922077,2.7012987012987013,0.0
Jaylen Brown,4956480,SF,20,0.23076923076923078,0.44871794871794873,0.8205128205128205,1.8717948717948718,0.5897435897435898
Jeff Green,2116955,PF,30,0.18840579710144928,0.5362318840579711,1.173913043478261,2.420289855072464,0.7681159420289855
Jeff Teague,19000000,PG,28,0.3902439024390244,1.2195121951219512,7.7926829268292686,3.8048780487804876,1.0975609756097562
Jeff Withey,1577320,C,26,0.6274509803921569,0.3137254901960784,0.13725490196078433,1.0784313725490196,0.0
Jerami Grant,1524305,SF,22,0.9875,0.4125,0.575,1.3625,0.5375
Jeremy Lamb,7000000,SG,24,0.3709677419354839,0.43548387096774194,1.2096774193548387,2.9838709677419355,0.6612903225806451
Jeremy Lin,12000000,PG,28,0.3888888888888889,1.1388888888888888,5.111111111111111,3.25,1.6111111111111112
Jerian Grant,1713840,PG,24,0.12698412698412698,0.746031746031746,1.9047619047619047,1.253968253968254,0.7777777777777778
Jerryd Bayless,9000000,PG,28,0.0,0.0,4.333333333333333,3.0,0.6666666666666666
Jimmy Butler,19301070,SF,27,0.42105263157894735,1.881578947368421,5.4868421052631575,6.302631578947368,1.1973684210526316
Joakim Noah,17765000,C,31,0.8043478260869565,0.6521739130434783,2.239130434782609,2.152173913043478,0.0
Jodie Meeks,3290000,SG,29,0.1111111111111111,0.9444444444444444,1.25,1.3055555555555556,1.5555555555555556
Joe Harris,1524305,SG,25,0.15384615384615385,0.5769230769230769,1.0384615384615385,1.3269230769230769,1.6346153846153846
Joe Ingles,14136364,SF,29,0.0975609756097561,1.170731707317073,2.731707317073171,0.9878048780487805,1.5
Joe Johnson,10505000,SF,35,0.23076923076923078,0.46153846153846156,1.8461538461538463,2.141025641025641,1.358974358974359
Joe Young,1471382,PG,24,0.0,0.12121212121212122,0.45454545454545453,0.6363636363636364,0.15151515151515152
Joel Bolomboy,1312611,PF,23,0.16666666666666666,0.08333333333333333,0.16666666666666666,0.6666666666666666,0.08333333333333333
Joel Embiid,6100266,C,22,2.4516129032258065,0.8709677419354839,2.129032258064516,5.290322580645161,1.1612903225806452
Joffrey Lauvergne,1524305,PF-C,25,0.08571428571428572,0.35714285714285715,1.0,1.6428571428571428,0.4714285714285714
John Henson,11422536,C,26,1.3448275862068966,0.5,0.9827586206896551,2.7413793103448274,0.0
John Wall,18063850,PG,26,0.6282051282051282,2.0128205128205128,10.653846153846153,7.153846153846154,1.141025641025641
Jon Leuer,10497319,PF,27,0.3466666666666667,0.41333333333333333,1.48,3.48,0.6533333333333333
Jonas Jerebko,4000000,PF,29,0.21794871794871795,0.3333333333333333,0.9102564102564102,0.8846153846153846,0.5769230769230769
Jonas Valanciunas,15460675,C,24,0.7875,0.4625,0.7125,4.875,0.0125
Jonathon Simmons,6300000,SG,27,0.32051282051282054,0.6025641025641025,1.6153846153846154,1.8846153846153846,0.38461538461538464
Jordan Clarkson,11562500,SG,24,0.0975609756097561,1.0731707317073171,2.597560975609756,4.390243902439025,1.4268292682926829
Jordan Crawford,250000,SG,28,0.10526315789473684,0.5789473684210527,3.0,3.5789473684210527,1.9473684210526316
Jordan Farmar,510921,PG,30,0.0,1.0,4.5,0.0,2.0
Jordan Mickey,1471382,PF,22,0.24,0.12,0.28,0.6,0.0
Jose Calderon,2328652,PG,35,0.024390243902439025,0.2682926829268293,2.1463414634146343,0.8536585365853658,0.4878048780487805
Josh Huestis,1471382,PF,25,1.5,0.0,1.5,2.0,1.0
Josh McRoberts,6021175,PF,29,0.18181818181818182,0.45454545454545453,2.272727272727273,1.4090909090909092,0.5909090909090909
Josh Richardson,1471382,SG,23,0.7358490566037735,1.1320754716981132,2.641509433962264,2.3962264150943398,1.4150943396226414
Jrue Holiday,25686667,PG,26,0.6417910447761194,1.492537313432836,7.2835820895522385,4.552238805970149,1.492537313432836
Juan Hernangomez,2076840,PF,21,0.1935483870967742,0.46774193548387094,0.46774193548387094,0.8870967741935484,0.7419354838709677
Julius Randle,4149242,PF,22,0.5,0.6621621621621622,3.5675675675675675,4.864864864864865,0.22972972972972974
Justin Anderson,1579440,SF,23,0.30666666666666664,0.5466666666666666,0.88,1.7066666666666668,0.7733333333333333
Justin Hamilton,1000000,C,26,0.671875,0.453125,0.859375,1.859375,0.859375
Justin Holiday,4615385,SG,27,0.3780487804878049,0.7926829268292683,1.2439024390243902,1.6585365853658536,1.1829268292682926
Justise Winslow,2705040,SF,20,0.3333333333333333,1.5,3.6666666666666665,4.055555555555555,0.3888888888888889
Jusuf Nurkic,2947305,C,22,1.1384615384615384,0.7692307692307693,1.8923076923076922,4.1692307692307695,0.0
K.J. McDaniels,100000,SF,23,0.3673469387755102,0.3877551020408163,0.2653061224489796,1.163265306122449,0.40816326530612246
Karl-Anthony Towns,6216840,C,21,1.2560975609756098,0.6951219512195121,2.682926829268293,8.548780487804878,1.2317073170731707
Kawhi Leonard,18868625,SF,25,0.7432432432432432,1.7837837837837838,3.5135135135135136,6.608108108108108,1.9864864864864864
Kay Felder,1312611,PG,21,0.16666666666666666,0.42857142857142855,1.380952380952381,1.3095238095238095,0.16666666666666666
Kelly Olynyk,10607169,C,25,0.38666666666666666,0.5733333333333334,1.9733333333333334,2.56,0.9066666666666666
Kelly Oubre,2093040,SF,21,0.21518987341772153,0.7341772151898734,0.5949367088607594,1.6708860759493671,0.6835443037974683
Kemba Walker,12000000,PG,26,0.27848101265822783,1.0759493670886076,5.506329113924051,5.10126582278481,3.037974683544304
Kenneth Faried,12921348,PF,27,0.6557377049180327,0.7049180327868853,0.9016393442622951,3.737704918032787,0.0
Kent Bazemore,16910113,SF,27,0.7123287671232876,1.2465753424657535,2.4246575342465753,2.780821917808219,1.2602739726027397
Kentavious Caldwell-Pope,17745894,SG,23,0.15789473684210525,1.1710526315789473,2.539473684210526,2.8552631578947367,2.013157894736842
Kevin Durant,25000000,SF,28,1.596774193548387,1.064516129032258,4.838709677419355,7.0,1.8870967741935485
Kevin Love,22642350,PF,28,0.36666666666666664,0.8833333333333333,1.9333333333333333,3.75,2.4166666666666665
Kevon Looney,1471382,C,20,0.32075471698113206,0.2641509433962264,0.5471698113207547,1.0188679245283019,0.03773584905660377
Khris Middleton,14100000,SF,25,0.2413793103448276,1.4137931034482758,3.413793103448276,3.6206896551724137,1.5517241379310345
Klay Thompson,17826150,SG,26,0.5128205128205128,0.8461538461538461,2.051282051282051,4.82051282051282,3.4358974358974357
Kosta Koufos,8393000,C,27,0.676056338028169,0.5070422535211268,0.6619718309859155,3.0422535211267605,0.0
Kris Dunn,4046760,PG,22,0.46153846153846156,1.0,2.41025641025641,1.2435897435897436,0.2692307692307692
Kristaps Porzingis,4503600,PF,21,1.9696969696969697,0.7121212121212122,1.4696969696969697,5.015151515151516,1.696969696969697
Kyle Anderson,2151704,SG,23,0.3611111111111111,0.7083333333333334,1.2638888888888888,1.0833333333333333,0.20833333333333334
Kyle Korver,7000000,SG,35,0.31343283582089554,0.5074626865671642,1.6417910447761195,1.1492537313432836,2.417910447761194
Kyle Lowry,28703704,PG,30,0.31666666666666665,1.4666666666666666,6.95,3.8833333333333333,3.216666666666667
Kyle Singler,4666500,SF,28,0.15625,0.21875,0.28125,0.84375,0.21875
Kyrie Irving,18868625,PG,24,0.3472222222222222,1.1527777777777777,5.805555555555555,6.861111111111111,2.4583333333333335
LaMarcus Aldridge,21461010,PF,31,1.2361111111111112,0.6388888888888888,1.9305555555555556,6.625,0.3194444444444444
Lance Stephenson,4180000,SG,26,0.16666666666666666,0.2777777777777778,3.2777777777777777,2.6666666666666665,0.3333333333333333
Lance Thomas,6655325,PF,28,0.10869565217391304,0.45652173913043476,0.7608695652173914,1.2826086956521738,0.8260869565217391
Langston Galloway,6666667,PG,25,0.08108108108108109,0.6216216216216216,1.2567567567567568,1.1756756756756757,1.6216216216216217
Larry Nance,1471382,PF,24,0.6349206349206349,1.3015873015873016,1.5238095238095237,2.857142857142857,0.15873015873015872
Larry Sanders,1865547,C,28,0.2,0.2,0.0,0.2,0.0
Leandro Barbosa,500000,SG,34,0.11940298507462686,0.4626865671641791,1.208955223880597,2.044776119402985,0.5223880597014925
LeBron James,33285709,SF,32,0.5945945945945946,1.2432432432432432,8.72972972972973,8.27027027027027,1.6756756756756757
Lou Williams,7000000,SG,30,0.2345679012345679,0.9876543209876543,2.950617283950617,3.271604938271605,2.0123456790123457
Lucas Nogueira,2947305,C,24,1.5789473684210527,0.9122807017543859,0.7368421052631579,1.7543859649122806,0.05263157894736842
Luke Babbitt,1974159,SF,27,0.16176470588235295,0.3088235294117647,0.5294117647058824,0.38235294117647056,1.2794117647058822
Luol Deng,17190000,SF,31,0.35714285714285715,0.8571428571428571,1.3214285714285714,2.017857142857143,0.9107142857142857
Malachi Richardson,1504560,SG,21,0.045454545454545456,0.22727272727272727,0.5,0.9090909090909091,0.36363636363636365
Malcolm Brogdon,1312611,SG,24,0.16,1.12,4.226666666666667,2.8266666666666667,1.04
Malcolm Delaney,2500000,PG,27,0.0136986301369863,0.5342465753424658,2.643835616438356,1.63013698630137,0.3561643835616438
Malik Beasley,1700640,SG,20,0.0,0.3181818181818182,0.5,1.0909090909090908,0.4090909090909091
Manu Ginobili,2500000,SG,39,0.2318840579710145,1.1884057971014492,2.652173913043478,1.1884057971014492,1.289855072463768
Marc Gasol,22642350,C,32,1.337837837837838,0.9054054054054054,4.5675675675675675,5.783783783783784,1.4054054054054055
Marcin Gortat,12782609,C,32,0.7926829268292683,0.4878048780487805,1.475609756097561,4.7560975609756095,0.0
Marco Belinelli,6606060,SG,30,0.12162162162162163,0.5945945945945946,1.9864864864864864,2.189189189189189,1.3783783783783783
Marcus Georges-Hunt,1312611,SG,22,0.0,0.2,0.6,0.2,0.2
Marcus Morris,5000000,SF,27,0.31645569620253167,0.6582278481012658,2.0253164556962027,3.8354430379746836,1.4936708860759493
Marcus Smart,4538020,SG,22,0.43037974683544306,1.5822784810126582,4.6075949367088604,2.2151898734177213,1.1898734177215189
Mario Hezonja,4078320,SF,21,0.2153846153846154,0.46153846153846156,0.9538461538461539,1.1384615384615384,0.6615384615384615
Markieff Morris,8000000,PF,27,0.5526315789473685,1.0789473684210527,1.6578947368421053,4.407894736842105,0.9342105263157895
Marquese Chriss,3073800,PF,19,0.8536585365853658,0.8170731707317073,0.7317073170731707,2.5853658536585367,0.8780487804878049
Marreese Speights,2116955,C,29,0.5,0.2804878048780488,0.8048780487804879,1.7195121951219512,1.2560975609756098
Marshall Plumlee,100000,C,24,0.19047619047619047,0.19047619047619047,0.47619047619047616,0.7619047619047619,0.0
Marvin Williams,13168750,PF,30,0.6973684210526315,0.7631578947368421,1.394736842105263,2.276315789473684,1.631578947368421
Mason Plumlee,14041096,C,26,1.1358024691358024,0.8518518518518519,3.506172839506173,4.1234567901234565,0.0
Matt Barnes,2133542,SF,36,0.35135135135135137,0.6486486486486487,2.6216216216216215,1.3243243243243243,1.1756756756756757
Matthew Dellavedova,9607500,PG,26,0.0,0.6973684210526315,4.697368421052632,1.6973684210526316,1.0394736842105263
Maurice Harkless,10162922,SF,23,0.9090909090909091,1.103896103896104,1.155844155844156,3.1948051948051948,0.8831168831168831
Meyers Leonard,9904495,PF,24,0.3783783783783784,0.17567567567567569,0.9594594594594594,0.972972972972973,1.0
Michael Beasley,2116955,PF,28,0.48214285714285715,0.5,0.9464285714285714,3.5357142857142856,0.32142857142857145
Michael Carter-Williams,2700000,PG,25,0.5111111111111111,0.8444444444444444,2.511111111111111,2.1555555555555554,0.3333333333333333
Michael Gbinije,500000,SG,24,0.0,0.0,0.2222222222222222,0.1111111111111111,0.0
Michael Kidd-Gilchrist,13000000,SF,23,0.9506172839506173,1.0,1.4074074074074074,3.6296296296296298,0.012345679012345678
Mike Conley,28530608,PG,29,0.2753623188405797,1.3333333333333333,6.27536231884058,4.246376811594203,2.4782608695652173
Mike Dunleavy,1662500,SF,36,0.1320754716981132,0.2830188679245283,0.9433962264150944,0.7547169811320755,1.0
Mike Muscala,5000000,C,25,0.5857142857142857,0.42857142857142855,1.3571428571428572,1.7714285714285714,0.6571428571428571
Mike Scott,1709538,PF,28,0.16666666666666666,0.2222222222222222,0.9444444444444444,0.7222222222222222,0.2222222222222222
Miles Plumlee,12500000,C,28,0.28888888888888886,0.4,0.4666666666666667,0.9777777777777777,0.0
Mindaugas Kuzminskas,3025035,SF,27,0.16176470588235295,0.4264705882352941,1.0147058823529411,1.5294117647058822,0.7941176470588235
Mirza Teletovic,10500000,PF,31,0.18571428571428572,0.17142857142857143,0.6857142857142857,0.7428571428571429,1.4857142857142858
Monta Ellis,2245400,SG,31,0.36486486486486486,1.0675675675675675,3.189189189189189,2.7567567567567566,0.581081081081081
Montrezl Harrell,1471382,C,23,0.7241379310344828,0.3448275862068966,1.103448275862069,3.8620689655172415,0.017241379310344827
Myles Turner,2569920,C,20,2.1358024691358026,0.9135802469135802,1.308641975308642,4.987654320987654,0.49382716049382713
Nemanja Bjelica,3949999,PF,28,0.3076923076923077,0.6153846153846154,1.2153846153846153,1.4615384615384615,0.8615384615384616
Nene Hilario,3477600,C,34,0.5970149253731343,0.835820895522388,0.9701492537313433,3.611940298507463,0.04477611940298507
Nerlens Noel,4187599,C,22,1.0,1.2745098039215685,0.9803921568627451,3.607843137254902,0.0
Nick Collison,2328652,PF,36,0.1,0.1,0.6,0.7,0.0
Nick Young,5192000,SG,31,0.23333333333333334,0.6166666666666667,0.9666666666666667,1.7,2.8333333333333335
Nicolas Batum,22434783,SG,28,0.37662337662337664,1.1168831168831168,5.909090909090909,3.3506493506493507,1.7532467532467533
Nicolas Brussino,1312611,SF,23,0.14814814814814814,0.3148148148148148,0.8703703703703703,0.42592592592592593,0.5370370370370371
Nik Stauskas,3807146,SG,23,0.4,0.5625,2.35,1.4875,1.65
Nikola Jokic,1471382,C,21,0.7671232876712328,0.8356164383561644,4.917808219178082,6.1506849315068495,0.6164383561643836
Nikola Mirotic,12500000,PF,25,0.8,0.7571428571428571,1.0714285714285714,1.8428571428571427,1.8428571428571427
Nikola Vucevic,12250000,C,26,0.9866666666666667,1.0266666666666666,2.7733333333333334,6.133333333333334,0.30666666666666664
Noah Vonleh,3505233,PF,21,0.36486486486486486,0.40540540540540543,0.4189189189189189,1.662162162162162,0.0945945945945946
Norman Powell,1471382,SG,23,0.18421052631578946,0.6710526315789473,1.0789473684210527,2.25,0.7368421052631579
Okaro White,1312611,PF,24,0.2857142857142857,0.2857142857142857,0.6,0.6,0.34285714285714286
Omer Asik,10595505,C,30,0.3225806451612903,0.16129032258064516,0.4838709677419355,1.0,0.0
Omri Casspi,2106470,SF,28,0.08333333333333333,0.6388888888888888,1.0277777777777777,1.7222222222222223,0.4166666666666667
Otto Porter,24773250,SF,23,0.5125,1.45,1.5125,3.325,1.85
P.J. Tucker,7590035,SF,31,0.2345679012345679,1.4320987654320987,1.2222222222222223,1.5925925925925926,0.8641975308641975
Pascal Siakam,1312611,PF,22,0.8181818181818182,0.4727272727272727,0.3090909090909091,1.8545454545454545,0.01818181818181818
Pat Connaughton,1471382,SG,24,0.05128205128205128,0.15384615384615385,0.717948717948718,0.5128205128205128,0.4358974358974359
Patrick Beverley,5513514,SG,28,0.373134328358209,1.4776119402985075,4.1940298507462686,1.7611940298507462,1.6417910447761195
Patrick McCaw,1312611,SG,21,0.2112676056338028,0.4507042253521127,1.0845070422535212,0.9154929577464789,0.5774647887323944
Patrick Patterson,5192000,PF,27,0.35384615384615387,0.6153846153846154,1.1692307692307693,0.9230769230769231,1.4461538461538461
Patty Mills,10714286,PG,28,0.0375,0.8125,3.5,1.575,1.8375
Pau Gasol,16000000,C,36,1.09375,0.375,2.34375,3.859375,0.875
Paul George,19508958,SF,26,0.36,1.56,3.3466666666666667,5.693333333333333,2.6
Paul Millsap,31269231,PF,31,0.8985507246376812,1.3043478260869565,3.652173913043478,5.144927536231884,1.0869565217391304
Paul Pierce,1096080,SF,39,0.2,0.16,0.4,0.52,0.6
Paul Zipser,1312611,SF,22,0.36363636363636365,0.3409090909090909,0.8181818181818182,1.25,0.75
Quincy Acy,1709538,PF,26,0.39473684210526316,0.3684210526315789,0.47368421052631576,0.868421052631579,0.9736842105263158
Quinn Cook,100000,PG,23,0.0,0.2857142857142857,1.8571428571428572,1.5714285714285714,0.7857142857142857
Rajon Rondo,3300000,PG,30,0.15942028985507245,1.434782608695652,6.681159420289855,2.5942028985507246,0.7246376811594203
Rakeem Christmas,172552,PF,25,0.20689655172413793,0.10344827586206896,0.13793103448275862,0.6551724137931034,0.0
Ramon Sessions,2328652,PG,30,0.06,0.52,2.58,1.58,0.42
Rashad Vaughn,1889040,SG,20,0.24390243902439024,0.4634146341463415,0.5609756097560976,0.7560975609756098,0.6341463414634146
Raul Neto,1471382,PG,24,0.125,0.525,0.85,0.775,0.25
Raymond Felton,2328652,PG,32,0.275,0.8375,2.3875,2.1875,0.575
Reggie Bullock,2500000,SF,25,0.0967741935483871,0.5806451612903226,0.9354838709677419,0.8387096774193549,0.9032258064516129
Reggie Jackson,16000000,PG,26,0.09615384615384616,0.6730769230769231,5.1923076923076925,4.1923076923076925,1.2692307692307692
Richard Jefferson,2500000,SF,36,0.12658227848101267,0.3291139240506329,0.9873417721518988,1.1518987341772151,0.7848101265822784
Richaun Holmes,1471382,C,23,0.9649122807017544,0.7368421052631579,1.0175438596491229,3.56140350877193,0.47368421052631576
Ricky Rubio,14275000,PG,26,0.13333333333333333,1.7066666666666668,9.093333333333334,2.68,0.8
Robert Covington,16698103,SF,26,1.0298507462686568,1.8955223880597014,1.5223880597014925,2.3134328358208953,2.044776119402985
Robin Lopez,13788500,C,28,1.4444444444444444,0.2222222222222222,0.9876543209876543,4.716049382716049,0.0
Rodney Hood,2386864,SG,24,0.1864406779661017,0.6440677966101694,1.6271186440677967,2.6779661016949152,1.9322033898305084
Rodney McGruder,1312611,SG,25,0.23076923076923078,0.5769230769230769,1.5897435897435896,1.5,0.9358974358974359
Ron Baker,4328000,SG,23,0.15384615384615385,0.6538461538461539,2.0576923076923075,1.1346153846153846,0.4423076923076923
Rondae Hollis-Jefferson,1471382,SF,22,0.5641025641025641,1.0512820512820513,1.9743589743589745,2.8205128205128207,0.19230769230769232
Ronnie Price,2442455,PG,33,0.07142857142857142,0.7857142857142857,1.2857142857142858,0.07142857142857142,0.21428571428571427
Rudy Gay,8406000,SF,30,0.8666666666666667,1.4666666666666666,2.7333333333333334,5.3,1.4
Rudy Gobert,21974719,C,24,2.6419753086419755,0.6049382716049383,1.1975308641975309,5.098765432098766,0.0
Russell Westbrook,28530608,PG,28,0.38271604938271603,1.6419753086419753,10.37037037037037,7.703703703703703,2.4691358024691357
Ryan Anderson,19578455,PF,28,0.19444444444444445,0.4444444444444444,0.9444444444444444,1.6527777777777777,2.8333333333333335
Salah Mejri,1471382,C,30,0.8356164383561644,0.4383561643835616,0.1917808219178082,1.1917808219178083,0.0136986301369863
Sam Dekker,1794600,SF,22,0.2727272727272727,0.4935064935064935,0.987012987012987,1.8571428571428572,0.7792207792207793
Sean Kilpatrick,1524305,SG,27,0.08571428571428572,0.6571428571428571,2.242857142857143,2.857142857142857,1.5
Serge Ibaka,20061729,PF,27,1.5696202531645569,0.5189873417721519,0.9493670886075949,4.3924050632911396,1.5696202531645569
Seth Curry,3028410,PG,26,0.1,1.1285714285714286,2.6857142857142855,2.8714285714285714,1.957142857142857
Shabazz Muhammad,1577230,SF,24,0.07692307692307693,0.28205128205128205,0.44871794871794873,3.0641025641025643,0.6282051282051282
Shabazz Napier,2361360,PG,25,0.03773584905660377,0.6037735849056604,1.2641509433962264,0.7358490566037735,0.6415094339622641
Shaun Livingston,7692308,PG,31,0.2631578947368421,0.5,1.8289473684210527,2.263157894736842,0.013157894736842105
Shelvin Mack,6000000,PG,26,0.05454545454545454,0.7636363636363637,2.8,2.418181818181818,0.6727272727272727
Skal Labissiere,1312611,PF,20,0.3939393939393939,0.48484848484848486,0.8181818181818182,3.4545454545454546,0.09090909090909091
Solomon Hill,12236535,SF,25,0.4,0.8875,1.7625,1.1125,1.175
Spencer Dinwiddie,1524305,PG,23,0.3898305084745763,0.7457627118644068,3.135593220338983,1.6271186440677967,0.6440677966101694
Spencer Hawes,6021175,PF,28,0.5555555555555556,0.2777777777777778,1.5,2.0185185185185186,0.46296296296296297
Stanley Johnson,3097800,SF,20,0.3116883116883117,0.7272727272727273,1.3636363636363635,1.0909090909090908,0.5844155844155844
Stephen Curry,34682550,PG,28,0.21518987341772153,1.8101265822784811,6.620253164556962,4.443037974683544,4.10126582278481
Stephen Zimmerman,1312611,C,20,0.2631578947368421,0.10526315789473684,0.21052631578947367,0.5263157894736842,0.0
Steven Adams,22471910,C,23,0.975,1.1,1.075,4.675,0.0
T.J. McConnell,1471382,PG,24,0.12345679012345678,1.654320987654321,6.592592592592593,2.7777777777777777,0.13580246913580246
T.J. Warren,3152931,SF,23,0.5909090909090909,1.1515151515151516,1.1363636363636365,5.712121212121212,0.3939393939393939
Taj Gibson,14000000,PF,31,0.8461538461538461,0.5384615384615384,0.9358974358974359,4.641025641025641,0.038461538461538464
Tarik Black,3290000,C,25,0.6567164179104478,0.44776119402985076,0.582089552238806,2.2238805970149254,0.014925373134328358
Taurean Waller-Prince,2422560,SF,22,0.4576271186440678,0.7288135593220338,0.9322033898305084,1.3728813559322033,0.559322033898305
Terrence Ross,10500000,SF,25,0.4230769230769231,1.1282051282051282,1.1282051282051282,2.358974358974359,1.8205128205128205
Terry Rozier,1988520,PG,22,0.14864864864864866,0.6081081081081081,1.7702702702702702,1.2702702702702702,0.7702702702702703
Thabo Sefolosha,5250000,SF,32,0.5,1.5483870967741935,1.7258064516129032,2.1451612903225805,0.6612903225806451
Thaddeus Young,14796348,PF,28,0.40540540540540543,1.5405405405405406,1.6486486486486487,4.283783783783784,0.6081081081081081
Thon Maker,2684160,C,19,0.45614035087719296,0.17543859649122806,0.40350877192982454,0.9649122807017544,0.49122807017543857
Tim Frazier,2000000,PG,26,0.09230769230769231,0.8615384615384616,5.153846153846154,1.8923076923076922,0.6153846153846154
Tim Hardaway,16500000,SG,24,0.189873417721519,0.6962025316455697,2.3037974683544302,3.367088607594937,1.8860759493670887
Timofey Mozgov,15280000,C,30,0.5740740740740741,0.2962962962962963,0.7962962962962963,3.1296296296296298,0.0
Timothe Luwawu-Cabarrot,1386600,SF,21,0.14492753623188406,0.463768115942029,1.0869565217391304,1.3768115942028984,0.7246376811594203
Tobias Harris,16000000,PF,24,0.47560975609756095,0.7317073170731707,1.7317073170731707,4.902439024390244,1.329268292682927
Tomas Satoransky,3000000,SG,25,0.10526315789473684,0.45614035087719296,1.6140350877192982,0.9122807017543859,0.15789473684210525
Tony Allen,2116955,SG,35,0.4084507042253521,1.619718309859155,1.380281690140845,3.647887323943662,0.2112676056338028
Tony Parker,15453126,PG,34,0.031746031746031744,0.5238095238095238,4.523809523809524,3.8412698412698414,0.36507936507936506
Tony Snell,9821429,SG,25,0.175,0.675,1.2,1.275,1.8
Treveon Graham,1312611,SG,23,0.037037037037037035,0.2222222222222222,0.2222222222222222,0.37037037037037035,0.3333333333333333
Trevor Ariza,7420912,SF,31,0.25,1.8375,2.1875,1.6875,2.3875
Trevor Booker,9125000,PF,29,0.39436619718309857,1.0704225352112675,1.943661971830986,3.943661971830986,0.352112676056338
Trey Lyles,2441400,PF,21,0.28169014084507044,0.36619718309859156,0.9859154929577465,1.323943661971831,0.9154929577464789
Tristan Thompson,16400000,C,25,1.0769230769230769,0.5,0.9871794871794872,3.358974358974359,0.0
Troy Daniels,3408520,SG,25,0.05970149253731343,0.31343283582089554,0.6865671641791045,0.7014925373134329,2.0597014925373136
Troy Williams,1471382,SF,22,0.3333333333333333,0.9,0.8333333333333334,1.8333333333333333,0.6
Tyler Ennis,1524305,PG,22,0.03773584905660377,0.49056603773584906,1.6226415094339623,1.1886792452830188,0.5094339622641509
Tyler Johnson,5881260,PG,24,0.6027397260273972,1.1506849315068493,3.191780821917808,3.6164383561643834,1.273972602739726
Tyler Ulis,1312611,PG,21,0.08196721311475409,0.7868852459016393,3.7049180327868854,2.6721311475409837,0.3442622950819672
Tyler Zeller,1709538,C,27,0.4117647058823529,0.13725490196078433,0.8235294117647058,1.5294117647058822,0.0
Tyreke Evans,3290000,SF,27,0.225,0.875,3.1,2.7,1.05
Tyson Chandler,13000000,C,34,0.5106382978723404,0.7021276595744681,0.6382978723404256,3.25531914893617,0.0
Tyus Jones,1471382,PG,20,0.08333333333333333,0.7833333333333333,2.6,0.8166666666666667,0.43333333333333335
Udonis Haslem,2328652,C,36,0.058823529411764705,0.29411764705882354,0.35294117647058826,0.6470588235294118,0.0
Victor Oladipo,21000000,SG,24,0.31343283582089554,1.164179104477612,2.626865671641791,4.253731343283582,1.8955223880597014
Vince Carter,8000000,SF,40,0.4931506849315068,0.821917808219178,1.821917808219178,1.1095890410958904,1.5342465753424657
Wade Baldwin,1874400,PG,20,0.21212121212121213,0.5454545454545454,1.8484848484848484,1.0,0.09090909090909091
Wayne Ellington,6270000,SG,29,0.06451612903225806,0.5645161290322581,1.1290322580645162,1.3225806451612903,2.403225806451613
Wayne Selden,1312611,SG,22,0.07142857142857142,0.42857142857142855,0.9285714285714286,1.2857142857142858,0.5
Wesley Johnson,5881260,SF,29,0.4411764705882353,0.4264705882352941,0.3382352941176471,0.6470588235294118,0.4264705882352941
Wesley Matthews,17884176,SG,30,0.2191780821917808,1.0547945205479452,2.8767123287671232,2.1780821917808217,2.3835616438356166
Will Barton,3533333,SG,26,0.4666666666666667,0.8,3.433333333333333,3.466666666666667,1.45
Willie Cauley-Stein,3704160,C,23,0.6,0.7066666666666667,1.0666666666666667,3.4,0.0
Willie Reed,1577230,C,26,0.6619718309859155,0.2535211267605634,0.36619718309859156,2.267605633802817,0.014084507042253521
Willy Hernangomez,1435750,C,22,0.5,0.5694444444444444,1.3333333333333333,3.361111111111111,0.05555555555555555
Wilson Chandler,12016854,SF,29,0.4225352112676056,0.7323943661971831,1.9859154929577465,4.549295774647887,1.5492957746478873
Yogi Ferrell,1312611,PG,23,0.1956521739130435,0.9130434782608695,3.739130434782609,2.0,1.4782608695652173
Zach LaVine,3202217,SG,21,0.2127659574468085,0.8723404255319149,2.9574468085106385,4.382978723404255,2.5531914893617023
Zach Randolph,12307692,PF,35,0.136986301369863,0.5205479452054794,1.6712328767123288,5.6438356164383565,0.2876712328767123
Zaza Pachulia,3477600,C,32,0.4714285714285714,0.8428571428571429,1.8857142857142857,2.342857142857143,0.0
